{
    "version": 2,
    "unit": "eV",
    "model_options": {
        "nnsk": {
            "onsite": {
                "method": "uniform"
            },
            "hopping": {
                "method": "poly4pow",
                "rs": {
                    "S-S": 5.66,
                    "S-Mo": 5.85,
                    "Mo-S": 5.85,
                    "Mo-Mo": 6.03
                },
                "w": 0.2
            },
            "soc": {},
            "freeze": false,
            "push": false,
            "std": 0.01,
            "atomic_radius": "cov"
        }
    },
    "common_options": {
        "basis": {
            "Mo": [
                "5s",
                "5p",
                "4d"
            ],
            "S": [
                "3s",
                "3p",
                "d*"
            ]
        },
        "dtype": "float32",
        "device": "cuda",
        "overlap": true
    },
    "model_params": {
        "onsite": {
            "S-3s-0": [
                0.029567718505859375
            ],
            "S-3p-0": [
                0.09703540802001953
            ],
            "S-d*-0": [
                1.1436103582382202
            ],
            "Mo-5s-0": [
                -0.5502066612243652
            ],
            "Mo-5p-0": [
                -0.2561386823654175
            ],
            "Mo-4d-0": [
                -1.7163684368133545
            ]
        },
        "hopping": {
            "S-S-3s-3s-0": [
                -3.589933395385742,
                2.927729606628418,
                2.1603081226348877,
                -9.63729476928711,
                3.009929656982422,
                1.2782821655273438
            ],
            "S-S-3s-3p-0": [
                -4.9186320304870605,
                3.2913622856140137,
                3.758955478668213,
                -12.395618438720703,
                3.518954038619995,
                -0.8052789568901062
            ],
            "S-S-3s-d*-0": [
                -4.494175434112549,
                2.011073112487793,
                4.397463321685791,
                -10.15330696105957,
                2.4577674865722656,
                0.041550178080797195
            ],
            "S-S-3p-3p-0": [
                5.047182083129883,
                -2.1450302600860596,
                -5.409347057342529,
                12.413274765014648,
                -3.058375597000122,
                0.35447242856025696
            ],
            "S-S-3p-3p-1": [
                -1.5705816745758057,
                1.236111044883728,
                0.6799833178520203,
                -3.3934507369995117,
                1.0750139951705933,
                -1.5241872072219849
            ],
            "S-S-3p-d*-0": [
                2.4819719791412354,
                1.539017915725708,
                -2.9138762950897217,
                -1.2564983367919922,
                1.3600612878799438,
                0.8619652390480042
            ],
            "S-S-3p-d*-1": [
                -2.1679141521453857,
                1.2082751989364624,
                1.114450216293335,
                -3.065246343612671,
                0.7301620841026306,
                -0.7867719531059265
            ],
            "S-S-d*-d*-0": [
                0.047493115067481995,
                0.6321592926979065,
                -2.084428548812866,
                -5.265144348144531,
                3.5344130992889404,
                -1.9175513982772827
            ],
            "S-S-d*-d*-1": [
                0.4946210980415344,
                0.4532915949821472,
                0.5745240449905396,
                -3.7714619636535645,
                1.3383030891418457,
                -0.04293503612279892
            ],
            "S-S-d*-d*-2": [
                -0.4282154142856598,
                -0.16051466763019562,
                0.35910657048225403,
                0.5457514524459839,
                -0.3749317228794098,
                1.9489765167236328
            ],
            "Mo-S-5s-3s-0": [
                -2.4975733757019043,
                2.418119430541992,
                0.4889732599258423,
                -5.564416408538818,
                1.9809921979904175,
                -0.4335216283798218
            ],
            "Mo-S-5p-3s-0": [
                -4.0454912185668945,
                3.4473745822906494,
                1.4992337226867676,
                -8.69589900970459,
                2.764504909515381,
                0.00034974998561665416
            ],
            "Mo-S-4d-3s-0": [
                1.7873430252075195,
                -1.670406460762024,
                -0.44334715604782104,
                4.1647047996521,
                -1.5057435035705566,
                1.3070679903030396
            ],
            "Mo-S-5p-3p-0": [
                2.9778037071228027,
                -0.05739499628543854,
                -4.333226680755615,
                4.551894664764404,
                -0.023090943694114685,
                6.964459316805005e-06
            ],
            "Mo-S-5p-3p-1": [
                -0.9832168221473694,
                0.8592464923858643,
                0.23328176140785217,
                -1.9079575538635254,
                0.6429070234298706,
                0.7796789407730103
            ],
            "Mo-S-4d-3p-0": [
                -2.1240038871765137,
                1.4353275299072266,
                1.0903630256652832,
                -4.038153171539307,
                1.1577290296554565,
                -0.8939237594604492
            ],
            "Mo-S-4d-3p-1": [
                0.8290632367134094,
                -1.4962515830993652,
                1.8126087188720703,
                -0.8601179122924805,
                -0.14182300865650177,
                0.00010707994806580245
            ],
            "Mo-S-4d-d*-0": [
                1.4027886390686035,
                -0.4825361371040344,
                -0.5638872385025024,
                0.3937968611717224,
                0.15740787982940674,
                0.12806478142738342
            ],
            "Mo-S-4d-d*-1": [
                -1.2767934799194336,
                1.123784065246582,
                -0.07105803489685059,
                -1.2902339696884155,
                0.4151005744934082,
                0.5623680353164673
            ],
            "Mo-S-4d-d*-2": [
                0.27435392141342163,
                -0.4739325940608978,
                0.6549984216690063,
                -0.6358109712600708,
                0.10626532882452011,
                0.17616277933120728
            ],
            "Mo-S-5s-3p-0": [
                -2.4478673934936523,
                1.3057960271835327,
                2.282963752746582,
                -5.917464733123779,
                1.503213882446289,
                -0.0001621255069039762
            ],
            "Mo-S-5s-d*-0": [
                -0.7428618669509888,
                -1.1544277667999268,
                1.7041202783584595,
                1.0952948331832886,
                -1.0535997152328491,
                -0.3920341432094574
            ],
            "Mo-S-5p-d*-0": [
                -0.11919070035219193,
                1.694243311882019,
                -0.5490889549255371,
                -2.765428304672241,
                1.0306220054626465,
                6.286276038736105e-05
            ],
            "Mo-S-5p-d*-1": [
                -0.6926662921905518,
                -0.16347728669643402,
                1.142968773841858,
                -0.7595055103302002,
                -0.15664894878864288,
                0.00038644333835691214
            ],