{
    "version": 2,
    "unit": "eV",
    "model_options": {
        "nnsk": {
            "onsite": {
                "method": "uniform"
            },
            "hopping": {
                "method": "poly2pow",
                "rs": 5.9,
                "w": 0.2
            },
            "soc": {},
            "freeze": false,
            "push": false,
            "std": 0.01
        }
    },
    "common_options": {
        "basis": {
            "Mo": [
                "5s",
                "5p",
                "4d"
            ],
            "S": [
                "3s",
                "3p",
                "d*"
            ],
            "W": [
                "6s",
                "6p",
                "5d"
            ]
        },
        "dtype": "float32",
        "device": "cpu",
        "overlap": false
    },
    "model_params": {
        "onsite": {
            "S-3s-0": [
                -1.5336246490478516
            ],
            "S-3p-0": [
                -2.8460683822631836
            ],
            "S-d*-0": [
                7.979972839355469
            ],
            "Mo-5s-0": [
                6.611484050750732
            ],
            "Mo-5p-0": [
                8.999218940734863
            ],
            "Mo-4d-0": [
                -3.058488607406616
            ],
            "W-6s-0": [
                6.305646896362305
            ],
            "W-6p-0": [
                5.503738880157471
            ],
            "W-5d-0": [
                -1.4621284008026123
            ]
        },
        "hopping": {
            "S-S-3s-3s-0": [
                -3.381199598312378,
                3.750392198562622,
                -0.9542747139930725,
                -3.687988519668579
            ],
            "S-S-3s-3p-0": [
                7.536603927612305,
                -1.4939329624176025,
                10.275971412658691,
                -9.438465118408203
            ],
            "S-S-3s-d*-0": [
                0.022247064858675003,
                -7.985495090484619,
                7.861386775970459,
                -4.330418586730957
            ],
            "S-S-3p-3p-0": [
                2.2604639530181885,
                11.91923999786377,
                -1.9490504264831543,
                5.5246500968933105
            ],
            "S-S-3p-3p-1": [
                -2.0186767578125,
                1.3564902544021606,
                -0.20222687721252441,
                1.493829369544983
            ],
            "S-S-3p-d*-0": [
                0.06640829890966415,
                6.22664213180542,
                -2.0282275676727295,
                -4.1582159996032715
            ],
            "S-S-3p-d*-1": [
                -4.869969367980957,
                -5.19409704208374,
                2.0388128757476807,
                -5.4342041015625
            ],
            "S-S-d*-d*-0": [
                -3.9666829109191895,
                -1.4264990091323853,
                1.387017846107483,
                1.755661964416504
            ],
            "S-S-d*-d*-1": [
                1.2270694971084595,
                3.251298189163208,
                -1.0603923797607422,
                1.669547438621521
            ],
            "S-S-d*-d*-2": [
                -2.8997957706451416,
                0.2337898463010788,
                0.4579122066497803,
                -0.0002807382261380553
            ],
            "Mo-S-5s-3s-0": [
                -2.462465286254883,
                -7.035314559936523,
                2.92494535446167,
                -6.355040550231934
            ],
            "Mo-S-5s-3p-0": [
                -0.9938334226608276,
                -5.328996658325195,
                3.0383248329162598,
                -3.4947774410247803
            ],
            "Mo-S-5p-3s-0": [
                -2.8787336349487305,
                -10.420351028442383,
                -0.42727574706077576,
                -4.941512107849121
            ],
            "Mo-S-5s-d*-0": [
                0.6351266503334045,
                -0.6745357513427734,
                1.2560112476348877,
                3.1574862003326416
            ],
            "Mo-S-4d-3s-0": [
                2.9458634853363037,
                5.136835098266602,
                0.1503341794013977,
                6.29614782333374
            ],
            "Mo-S-5p-3p-0": [
                0.44232532382011414,
                6.545905113220215,
                -4.091493606567383,
                -3.1395556926727295
            ],
            "Mo-S-5p-3p-1": [
                -1.123295783996582,
                -2.6107842922210693,
                1.0792241096496582,
                4.4189348220825195
            ],
            "Mo-S-5p-d*-0": [
                1.7313252687454224,
                2.9471049308776855,
                -1.2205541133880615,
                0.25976648926734924
            ],
            "Mo-S-4d-3p-0": [
                -4.805062770843506,
                -5.032190799713135,
                2.9662532806396484,
                7.389599323272705
            ],
            "Mo-S-5p-d*-1": [
                -2.6449592113494873,
                -2.520565986633301,
                1.9865821599960327,
                1.1694449186325073
            ],
            "Mo-S-4d-3p-1": [
                1.5480694770812988,
                -2.2313544750213623,
                0.746772289276123,
                -1.1558287143707275
            ],
            "Mo-S-4d-d*-0": [
                1.978737711906433,
                1.2456148862838745,
                0.48462408781051636,
                2.325913906097412
            ],
            "Mo-S-4d-d*-1": [
                -2.4461586475372314,
                0.5702215433120728,
                0.08457184582948685,
                -0.4567333459854126
            ],
            "Mo-S-4d-d*-2": [
                0.06223434954881668,
                0.47956469655036926,
                -0.009094683453440666,
                0.48226988315582275
            ],
            "Mo-Mo-5s-5s-0": [
                -2.2808072566986084,
                -3.8277132511138916,
                1.7294433116912842,
                -2.9419000148773193
            ],
            "Mo-Mo-5s-5p-0": [
                0.925851047039032,
                -1.9320732355117798,
                2.8604490756988525,
                -4.279796600341797
            ],
            "Mo-Mo-5s-4d-0": [
                0.4826976954936981,
                2.9340767860412598,
                -1.4366474151611328,
                -3.8105111122131348
            ],
            "Mo-Mo-5p-5p-0": [
                -2.9864747524261475,
                0.925573468208313,
                -5.338494777679443,
                -3.535318374633789
            ],
            "Mo-Mo-5p-5p-1": [
                -0.6893712878227234,
                -0.8342631459236145,
                2.810356616973877,
                0.0004784934571944177
            ],
            "Mo-Mo-5p-4d-0": [
                0.17527063190937042,
                -3.8216195106506348,
                0.013025217689573765,
                2.395954132080078
            ],
            "Mo-Mo-5p-4d-1": [
                0.435280978679657,
                0.9832556843757629,
                -2.9232735633850098,
                -1.5402857065200806
            ],
            "Mo-Mo-4d-4d-0": [
                -2.1493546962738037,
                -1.6637847423553467,
                3.121760606765747,
                3.4172966480255127
            ],
            "Mo-Mo-4d-4d-1": [
                2.280841827392578,
                -2.325227975845337,
                -0.039111506193876266,
                -0.3169719874858856
            ],