{
    "version": 2,
    "unit": "eV",
    "model_options": {
        "nnsk": {
            "onsite": {
                "method": "uniform"
            },
            "hopping": {
                "method": "poly4pow",
                "rs": {
                    "C-C": 4.39
                },
                "w": 0.2
            },
            "soc": {},
            "freeze": false,
            "push": false,
            "std": 0.01,
            "atomic_radius": "cov"
        }
    },
    "common_options": {
        "basis": {
            "C": [
                "2s",
                "2p",
                "d*"
            ]
        },
        "dtype": "float32",
        "device": "cuda",
        "overlap": true
    },
    "model_params": {
        "onsite": {
            "C-2s-0": [
                -0.10686016082763672
            ],
            "C-2p-0": [
                0.12751197814941406
            ],
            "C-d*-0": [
                0.0
            ]
        },
        "hopping": {
            "C-C-2s-2s-0": [
                -6.684751033782959,
                4.326050281524658,
                7.401242733001709,
                -24.684650421142578,
                7.83709192276001,
                -0.5529974102973938
            ],
            "C-C-2s-2p-0": [
                -6.9853434562683105,
                -0.15866073966026306,
                11.681811332702637,
                -10.92180347442627,
                -1.95439612865448,
                1.0654785633087158
            ],
            "C-C-2s-d*-0": [
                -0.00010646219016052783,
                6.032549572410062e-05,
                -0.00012444439926184714,
                0.0001085955009330064,
                -0.00013242202112451196,
                0.822330117225647
            ],
            "C-C-2p-2p-0": [
                6.175818920135498,
                -0.6068210601806641,
                -9.516790390014648,
                14.982359886169434,
                -2.222520351409912,
                -0.3968461751937866
            ],
            "C-C-2p-2p-1": [
                -2.7375760078430176,
                1.839799165725708,
                2.1155834197998047,
                -7.809864044189453,
                2.5414087772369385,
                1.215492844581604
            ],
            "C-C-2p-d*-0": [
                -8.977071411209181e-05,
                4.293958772905171e-05,
                0.0001835303846746683,
                0.00033714837627485394,
                0.00011189249926246703,
                -0.8198558688163757
            ],
            "C-C-2p-d*-1": [
                -0.00015152650303207338,
                0.00021211523562669754,
                2.822246460709721e-05,
                -0.00032705828198231757,
                0.0003069117374252528,
                0.8305988311767578
            ],
            "C-C-d*-d*-0": [
                9.454079554416239e-05,
                -9.590329136699438e-05,
                0.00011994513624813408,
                -6.711072637699544e-05,
                0.0002700634067878127,
                0.8173061013221741
            ],
            "C-C-d*-d*-1": [
                0.0001105186966015026,
                -5.8947422076016665e-05,
                0.00023174105444923043,
                1.3896875316277146e-05,
                0.00017471887986175716,
                0.8142954707145691
            ],
            "C-C-d*-d*-2": [
                -0.00010158663644688204,
                0.0003293976478744298,
                4.862011701334268e-05,
                -7.672052015550435e-05,
                0.00016208819579333067,
                0.8196141719818115
            ]
        },
        "overlap": {
            "C-C-2s-2s-0": [
                0.2466021627187729,
                -0.20137032866477966,
                -0.22465133666992188,
                0.9475207924842834,
                -0.3242596387863159,
                0.35583510994911194
            ],
            "C-C-2s-2p-0": [
                0.30228379368782043,
                -0.19255711138248444,
                -0.40023675560951233,
                1.26386559009552,
                -0.3918810188770294,
                -5.578631680691615e-05
            ],
            "C-C-2s-d*-0": [
                -9.066608618013561e-05,
                -4.845444345846772e-05,
                7.032023859210312e-06,
                -0.0003356275847181678,
                -3.039978037122637e-05,
                -0.740434467792511
            ],
            "C-C-2p-2p-0": [
                -0.31055670976638794,
                0.0015619457699358463,
                0.7435058951377869,
                -1.2593721151351929,
                0.22618918120861053,
                -0.00022265399456955492
            ],
            "C-C-2p-2p-1": [
                0.13884934782981873,
                -0.12665610015392303,
                -0.11550959944725037,
                0.5953179597854614,
                -0.22506600618362427,
                0.875838041305542
            ],
            "C-C-2p-d*-0": [
                0.00012514149420894682,
                -6.299408414633945e-05,
                0.0003052930405829102,
                -0.00024931083316914737,
                -3.0835799407213926e-05,
                0.737001895904541
            ],
            "C-C-2p-d*-1": [
                -9.066608618013561e-05,
                -4.8454414354637265e-05,
                7.032198482193053e-06,
                -0.00033562741009518504,
                -3.040030424017459e-05,
                -0.740434467792511
            ],
            "C-C-d*-d*-0": [
                -9.120674803853035e-05,
                0.0001677007821854204,
                1.4481425751000643e-05,
                0.0002868282899726182,
                0.00019680232799146324,
                0.7440820932388306
            ],
            "C-C-d*-d*-1": [
                5.5082375183701515e-05,
                0.00013481048517860472,
                6.67735148454085e-05,
                0.00022058241302147508,
                0.00018173769058194011,
                0.741083025932312
            ],
            "C-C-d*-d*-2": [
                0.00012257523485459387,
                -0.0001119638400268741,
                0.00022559240460395813,
                0.00034283509012311697,
                0.00016658403910696507,
                0.7432126402854919
            ]
        }
    }
}