{
    "version": 2,
    "unit": "eV",
    "model_options": {
        "nnsk": {
            "onsite": {
                "method": "uniform"
            },
            "hopping": {
                "method": "poly2pow",
                "rs": {
                    "B-B": 4.22,
                    "B-N": 4.04,
                    "N-B": 4.04,
                    "N-N": 3.85
                },
                "w": 0.2
            },
            "soc": {},
            "freeze": false,
            "push": false,
            "std": 0.01,
            "atomic_radius": "cov"
        }
    },
    "common_options": {
        "basis": {
            "B": [
                "2s",
                "2p",
                "d*"
            ],
            "N": [
                "2s",
                "2p",
                "d*"
            ]
        },
        "dtype": "float32",
        "device": "cuda",
        "overlap": true
    },
    "model_params": {
        "onsite": {
            "B-2s-0": [
                -0.05371570587158203
            ],
            "B-2p-0": [
                0.11017870903015137
            ],
            "B-d*-0": [
                0.0
            ],
            "N-2s-0": [
                -0.15561676025390625
            ],
            "N-2p-0": [
                0.1445450782775879
            ],
            "N-d*-0": [
                0.0
            ]
        },
        "hopping": {
            "B-B-2s-2s-0": [
                -4.038558483123779,
                -1.199519157409668,
                2.6829679012298584,
                -1.6895099878311157
            ],
            "B-B-2s-2p-0": [
                -4.128350734710693,
                -1.6135889291763306,
                2.751228094100952,
                -1.3629639148712158
            ],
            "B-B-2s-d*-0": [
                0.0017082728445529938,
                -0.00010188308078795671,
                0.000718078576028347,
                0.37305518984794617
            ],
            "B-B-2p-2p-0": [
                3.9094669818878174,
                1.5527981519699097,
                -2.3236680030822754,
                0.9059035181999207
            ],
            "B-B-2p-2p-1": [
                -1.7056468725204468,
                -0.2540814280509949,
                1.0908770561218262,
                -2.4367024898529053
            ],
            "B-B-2p-d*-0": [
                -0.0017082728445529938,
                0.00010188308078795671,
                -0.000718078576028347,
                -0.37305518984794617
            ],
            "B-B-2p-d*-1": [
                0.0017082728445529938,
                -0.00010188308078795671,
                0.000718078576028347,
                -0.37305518984794617
            ],
            "B-B-d*-d*-0": [
                -0.0017082728445529938,
                0.00010188308078795671,
                -0.000718078576028347,
                0.37305518984794617
            ],
            "B-B-d*-d*-1": [
                -0.0017082728445529938,
                0.00010188308078795671,
                -0.000718078576028347,
                -0.37305518984794617
            ],
            "B-B-d*-d*-2": [
                -0.0017082728445529938,
                0.00010188308078795671,
                -0.000718078576028347,
                -0.37305518984794617
            ],
            "N-B-2s-2s-0": [
                -5.041027069091797,
                3.3467164039611816,
                0.5421984195709229,
                0.0005886993603780866
            ],
            "N-B-2p-2s-0": [
                -4.393885612487793,
                -2.106684923171997,
                3.2828798294067383,
                -1.4983776807785034
            ],
            "N-B-d*-2s-0": [
                -0.0023875299375504255,
                -0.0005914703942835331,
                -0.0028732563368976116,
                -0.4312877655029297
            ],
            "N-B-2p-2p-0": [
                4.577764511108398,
                2.0131304264068604,
                -2.9041666984558105,
                1.1945785284042358
            ],
            "N-B-2p-2p-1": [
                -1.9847829341888428,
                2.879638671875,
                -1.1304956674575806,
                -0.03383827209472656
            ],
            "N-B-d*-2p-0": [
                -0.0023875299375504255,
                -0.0005914703942835331,
                -0.0028732563368976116,
                -0.4312877655029297
            ],
            "N-B-d*-2p-1": [
                -0.0023875299375504255,
                -0.0005914703942835331,
                -0.0028732563368976116,
                -0.4312877655029297
            ],
            "N-B-d*-d*-0": [
                0.0012587409000843763,
                0.0005593118839897215,
                0.0009227871196344495,
                0.4214722514152527
            ],
            "N-B-d*-d*-1": [
                0.0012587409000843763,
                0.0005593118839897215,
                0.0009227871196344495,
                -0.4214722514152527
            ],
            "N-B-d*-d*-2": [
                0.0012587409000843763,
                0.0005593118839897215,
                0.0009227871196344495,
                0.4214722514152527
            ],
            "N-B-2s-2p-0": [
                -5.908745288848877,
                2.9499411582946777,
                1.29582941532135,
                -0.0018063357565551996
            ],
            "N-B-2s-d*-0": [
                0.0009504631161689758,
                -0.00042798847425729036,
                0.0015698844799771905,
                0.4099060297012329
            ],
            "N-B-2p-d*-0": [
                0.0009504631161689758,
                -0.00042798847425729036,
                0.0015698844799771905,
                0.4099060297012329
            ],
            "N-B-2p-d*-1": [
                -0.0009504631161689758,
                0.00042798847425729036,
                -0.0015698844799771905,
                -0.4099060297012329
            ],
            "N-N-2s-2s-0": [
                -5.928829193115234,
                -2.148087739944458,
                5.178451061248779,
                2.231917142868042
            ],
            "N-N-2s-2p-0": [
                -6.170498847961426,
                3.439049482345581,
                1.229480504989624,
                0.0035096562933176756
            ],
            "N-N-2s-d*-0": [
                0.0012703586835414171,
                -0.00015861238352954388,
                0.001094977604225278,
                0.5266291499137878
            ],
            "N-N-2p-2p-0": [
                5.38631010055542,
                2.6419241428375244,
                -3.6682467460632324,
                -1.4427080154418945
            ],
            "N-N-2p-2p-1": [
                -2.285525321960449,
                3.412506341934204,
                -1.3955022096633911,
                0.20774821937084198
            ],
            "N-N-2p-d*-0": [
                0.001571853761561215,
                -2.4328939616680145e-05,
                -0.0001450164709240198,
                0.5258426070213318
            ],
            "N-N-2p-d*-1": [
                0.0012703586835414171,
                -0.00015861238352954388,
                0.001094977604225278,
                0.5266291499137878
            ],
            "N-N-d*-d*-0": [
                0.0012703586835414171,
                -0.00015861238352954388,
                0.001094977604225278,
                0.5266291499137878
            ],
            "N-N-d*-d*-1": [
                0.001571853761561215,
                -2.4328939616680145e-05,
                -0.0001450164709240198,
                0.5258426070213318
            ],