{"version": 2, "unit": "eV", "model_options": {"nnsk": {"onsite": {"method": "uniform"}, "hopping": {"method": "poly2exp", "rs": 4.0, "w": 0.2}, "soc": {}, "freeze": false, "push": false, "std": 0.01}}, "common_options": {"basis": {"C": ["2s", "2p"]}, "dtype": "float32", "device": "cpu", "overlap": true}, "model_params": {"onsite": {"C-2s-0": [-0.10686016082763672], "C-2p-0": [0.12751197814941406]}, "hopping": {"C-C-2s-2s-0": [-11.012248039245605, 14.645441055297852, -5.926220417022705, 0.4684220552444458], "C-C-2s-2p-0": [-8.646349906921387, 10.996883392333984, -4.372412204742432, 0.2622162103652954], "C-C-2p-2p-0": [7.325995445251465, -7.802810192108154, 2.9014127254486084, 0.20314724743366241], "C-C-2p-2p-1": [-8.129714012145996, 10.417790412902832, -4.3871870040893555, 0.8520817160606384]}, "overlap": {"C-C-2s-2s-0": [6.221240043640137, 0.6663751602172852, -1.448582649230957, 2.1097588539123535], "C-C-2s-2p-0": [7.143936634063721, 2.7403581142425537, -2.2482755184173584, -2.028411388397217], "C-C-2p-2p-0": [-7.474735736846924, -6.219860076904297, 2.989943742752075, 1.9392958879470825], "C-C-2p-2p-1": [5.751282691955566, 0.34485864639282227, -0.9181159734725952, 2.4460558891296387]}}}